MATCH UP,W/L
DAL @ SEA,W
SEA vs. DAL,L
NYK @ CHA,W
CHA vs. NYK,L
PHI @ TOR,W
TOR vs. PHI,L
MEM @ MIN,W
MIN vs. MEM,L
LAL @ SAC,W
SAC vs. LAL,L
IND vs. WAS,L
WAS @ IND,W
HOU @ UTA,L
UTA vs. HOU,W
POR vs. GSW,L
GSW @ POR,W
CLE vs. MIL,W
MIL @ CLE,L
ORL vs. MIA,W
MIA @ ORL,L
NOK @ LAC,W
LAC vs. NOK,L
DET @ BOS,W
BOS vs. DET,L
CHI @ NJN,L
NJN vs. CHI,W
SAS vs. DEN,L
DEN @ SAS,W
WAS vs. ORL,L
ORL @ WAS,W
ATL vs. IND,W
IND @ ATL,L
TOR @ DET,L
DET vs. TOR,W
LAC @ PHX,W
PHX vs. LAC,L
DAL @ GSW,L
GSW vs. DAL,W
PHI vs. CLE,L
CLE @ PHI,W
MEM vs. SAS,W
SAS @ MEM,L
DEN vs. MIN,W
MIN @ DEN,L
SAC vs. NOK,L
NOK @ SAC,W
ATL @ MIL,L
MIL vs. ATL,W
UTA vs. POR,W
POR @ UTA,L
BOS @ MIA,W
MIA vs. BOS,L
PHX @ HOU,L
HOU vs. PHX,W
NJN @ NYK,W
NYK vs. NJN,L
CHI @ WAS,W
WAS vs. CHI,L
TOR vs. NYK,W
NYK @ TOR,L
DAL vs. SAS,W
SAS @ DAL,L
IND vs. NJN,L
NJN @ IND,W
PHI @ DET,W
DET vs. PHI,L
BOS @ ORL,L
ORL vs. BOS,W
LAC vs. SAC,L
SAC @ LAC,W
LAL vs. SEA,W
SEA @ LAL,L
GSW vs. MIN,W
MIN @ GSW,L
DEN @ MEM,L
MEM vs. DEN,W
MIL vs. CHA,L
CHA @ MIL,W
PHX @ UTA,W
UTA vs. PHX,L
SEA @ POR,L
POR vs. SEA,W
HOU vs. NOK,W
NOK @ HOU,L
ATL @ CLE,L
CLE vs. ATL,W
ORL @ PHI,W
PHI vs. ORL,L
DET @ TOR,L
TOR vs. DET,W
DEN @ NOK,W
NOK vs. DEN,L
MIN vs. SAS,L
SAS @ MIN,W
GSW @ SAC,W
SAC vs. GSW,L
UTA @ DAL,W
DAL vs. UTA,L
ATL vs. WAS,L
WAS @ ATL,W
IND @ MIA,L
MIA vs. IND,W
POR @ LAC,L
LAC vs. POR,W
BOS vs. MIL,L
MIL @ BOS,W
NYK @ NJN,L
NJN vs. NYK,W
PHX vs. LAL,W
LAL @ PHX,L
CHI vs. CHA,W
CHA @ CHI,L
NJN @ CLE,L
CLE vs. NJN,W
LAL vs. LAC,L
LAC @ LAL,W
DAL @ MIN,W
MIN vs. DAL,L
MIL vs. IND,L
IND @ MIL,W
UTA vs. DEN,L
DEN @ UTA,W
HOU @ POR,W
POR vs. HOU,L
MIA vs. WAS,W
WAS @ MIA,L
ORL @ DET,L
DET vs. ORL,W
BOS vs. PHI,L
PHI @ BOS,W
SEA @ PHX,L
PHX vs. SEA,W
SAC @ SAS,L
SAS vs. SAC,W
CHA vs. MIA,W
MIA @ CHA,L
MEM vs. SAC,L
SAC @ MEM,W
WAS vs. NJN,L
NJN @ WAS,W
LAC @ NOK,L
NOK vs. LAC,W
ATL vs. BOS,W
BOS @ ATL,L
NYK @ CHI,L
CHI vs. NYK,W
PHI vs. IND,W
IND @ PHI,L
SEA vs. HOU,L
HOU @ SEA,W
TOR @ MIN,W
MIN vs. TOR,L
LAL @ DEN,L
DEN vs. LAL,W
ORL @ MIL,W
MIL vs. ORL,L
LAC @ DAL,L
DAL vs. LAC,W
DET @ NYK,W
NYK vs. DET,L
POR @ SAS,L
SAS vs. POR,W
GSW vs. UTA,W
UTA @ GSW,L
CHI @ TOR,L
TOR vs. CHI,W
HOU @ SAC,W
SAC vs. HOU,L
CHA @ MIA,W
MIA vs. CHA,L
CLE @ DET,L
DET vs. CLE,W
LAL vs. PHX,L
PHX @ LAL,W
ATL @ PHI,L
PHI vs. ATL,W
NOK @ MIN,W
MIN vs. NOK,L
NYK @ MIL,W
MIL vs. NYK,L
POR @ DAL,L
DAL vs. POR,W
BOS @ IND,L
IND vs. BOS,W
SEA @ UTA,W
UTA vs. SEA,L
ORL vs. MEM,W
MEM @ ORL,L
LAC vs. DEN,L
DEN @ LAC,W
WAS @ NJN,L
NJN vs. WAS,W
SAS vs. GSW,W
GSW @ SAS,L
SEA vs. LAL,L
LAL @ SEA,W
IND @ CHA,W
CHA vs. IND,L
GSW @ MEM,W
MEM vs. GSW,L
CLE @ WAS,W
WAS vs. CLE,L
PHX @ NOK,W
NOK vs. PHX,L
DEN vs. DAL,W
DAL @ DEN,L
UTA @ SAC,L
SAC vs. UTA,W
ATL vs. MIL,W
MIL @ ATL,L
HOU vs. POR,L
POR @ HOU,W
MIA @ BOS,W
BOS vs. MIA,L
NYK vs. MIN,L
MIN @ NYK,W
CHI vs. NJN,W
NJN @ CHI,L
TOR @ PHI,W
PHI vs. TOR,L
CLE vs. MIA,L
MIA @ CLE,W
SAS vs. PHX,W
PHX @ SAS,L
WAS vs. CHA,L
CHA @ WAS,W
NOK vs. SEA,W
SEA @ NOK,L
DEN vs. SAC,W
SAC @ DEN,L
BOS @ MIL,L
MIL vs. BOS,W
POR vs. UTA,W
UTA @ POR,L
DET vs. CHI,L
CHI @ DET,W
GSW @ HOU,W
HOU vs. GSW,L
TOR @ ORL,W
ORL vs. TOR,L
LAL @ LAC,L
LAC vs. LAL,W
ATL @ NJN,L
NJN vs. ATL,W
PHI @ NYK,W
NYK vs. PHI,L
WAS @ CHA,L
CHA vs. WAS,W
PHX @ MEM,W
MEM vs. PHX,L
MIN vs. CLE,L
CLE @ MIN,W
DAL @ SAC,W
SAC vs. DAL,L
NOK @ MIL,W
MIL vs. NOK,L
DET @ IND,W
IND vs. DET,L
TOR @ MIA,L
MIA vs. TOR,W
LAL vs. DEN,L
DEN @ LAL,W
SAS vs. SEA,W
SEA @ SAS,L
DEN @ SEA,W
SEA vs. DEN,L
TOR vs. CHA,W
CHA @ TOR,L
WAS @ MIL,W
MIL vs. WAS,L
ATL vs. CHI,L
CHI @ ATL,W
SAS @ IND,L
IND vs. SAS,W
DET vs. MIA,W
MIA @ DET,L
UTA @ HOU,W
HOU vs. UTA,L
ORL vs. MIN,L
MIN @ ORL,W
BOS vs. CLE,W
CLE @ BOS,L
DAL @ PHX,L
PHX vs. DAL,W
LAL vs. SAC,W
SAC @ LAL,L
MEM @ GSW,L
GSW vs. MEM,W
NYK @ NOK,L
NOK vs. NYK,W
LAC @ POR,W
POR vs. LAC,L
PHI @ NJN,L
NJN vs. PHI,W
CHI vs. CLE,L
CLE @ CHI,W
MEM @ SEA,L
SEA vs. MEM,W
CHA vs. MIL,W
MIL @ CHA,L
WAS vs. TOR,L
TOR @ WAS,W
MIN vs. MIA,L
MIA @ MIN,W
LAC @ SAC,W
SAC vs. LAC,L
NYK @ DAL,L
DAL vs. NYK,W
DET vs. NJN,W
NJN @ DET,L
IND @ ORL,L
ORL vs. IND,W
DEN @ PHX,L
PHX vs. DEN,W
LAL vs. HOU,L
HOU @ LAL,W
UTA @ SAS,L
SAS vs. UTA,W
BOS @ PHI,L
PHI vs. BOS,W
POR vs. MEM,L
MEM @ POR,W
DET @ CHI,L
CHI vs. DET,W
PHX @ GSW,L
GSW vs. PHX,W
ATL @ CHA,L
CHA vs. ATL,W
TOR vs. MIA,W
MIA @ TOR,L
WAS vs. PHI,W
PHI @ WAS,L
DEN vs. SEA,L
SEA @ DEN,W
DAL vs. MIL,W
MIL @ DAL,L
UTA vs. MIN,W
MIN @ UTA,L
HOU @ LAC,W
LAC vs. HOU,L
ORL @ BOS,L
BOS vs. ORL,W
IND @ NJN,L
NJN vs. IND,W
NYK vs. CLE,W
CLE @ NYK,L
NOK @ SAS,L
SAS vs. NOK,W
NOK vs. DAL,L
DAL @ NOK,W
SEA @ MIN,W
MIN vs. SEA,L
CLE @ IND,W
IND vs. CLE,L
LAL vs. MEM,L
MEM @ LAL,W
WAS @ UTA,L
UTA vs. WAS,W
MIA vs. ATL,W
ATL @ MIA,L
DET vs. DEN,W
DEN @ DET,L
HOU vs. MIL,W
MIL @ HOU,L
TOR @ BOS,L
BOS vs. TOR,W
PHX vs. MEM,W
MEM @ PHX,L
ORL @ NYK,W
NYK vs. ORL,L
POR @ CHI,L
CHI vs. POR,W
SAS @ GSW,W
GSW vs. SAS,L
SAS @ SEA,W
SEA vs. SAS,L
NOK vs. HOU,W
HOU @ NOK,L
POR @ MIN,L
MIN vs. POR,W
PHX @ SAC,L
SAC vs. PHX,W
MIL vs. DET,L
DET @ MIL,W
DAL @ ATL,W
ATL vs. DAL,L
CHI @ IND,W
IND vs. CHI,L
CLE vs. DEN,L
DEN @ CLE,W
LAL vs. GSW,W
GSW @ LAL,L
CHA vs. NJN,L
NJN @ CHA,W
MEM @ UTA,L
UTA vs. MEM,W
MIA vs. PHI,L
PHI @ MIA,W
LAC vs. WAS,W
WAS @ LAC,L
MIN @ SEA,L
SEA vs. MIN,W
TOR vs. DEN,W
DEN @ TOR,L
LAL @ NOK,W
NOK vs. LAL,L
ATL vs. POR,L
POR @ ATL,W
IND vs. MIA,W
MIA @ IND,L
CLE vs. NYK,W
NYK @ CLE,L
ORL vs. NJN,W
NJN @ ORL,L
UTA @ LAC,L
LAC vs. UTA,W
DAL @ BOS,W
BOS vs. DAL,L
DET @ SAS,L
SAS vs. DET,W
WAS @ GSW,L
GSW vs. WAS,W
CHA @ PHI,L
PHI vs. CHA,W
LAL @ MEM,W
MEM vs. LAL,L
DET @ HOU,L
HOU vs. DET,W
PHX vs. SAC,W
SAC @ PHX,L
POR @ NYK,W
NYK vs. POR,L
DEN @ CHI,L
CHI vs. DEN,W
WAS @ SEA,W
SEA vs. WAS,L
TOR vs. ORL,W
ORL @ TOR,L
SAC vs. MIN,L
MIN @ SAC,W
MIL vs. LAC,L
LAC @ MIL,W
MIA @ ATL,W
ATL vs. MIA,L
CLE vs. DAL,L
DAL @ CLE,W
CHA @ BOS,W
BOS vs. CHA,L
IND @ SAS,L
SAS vs. IND,W
CLE @ CHA,L
CHA vs. CLE,W
MEM vs. NOK,L
NOK @ MEM,W
UTA vs. GSW,W
GSW @ UTA,L
POR vs. WAS,W
WAS @ POR,L
PHI @ DET,L
DET vs. PHI,W
HOU vs. IND,W
IND @ HOU,L
NJN vs. DEN,L
DEN @ NJN,W
MIN @ PHX,L
PHX vs. MIN,W
DAL @ NYK,W
NYK vs. DAL,L
CHI vs. LAC,L
LAC @ CHI,W
NOK vs. BOS,W
BOS @ NOK,L
SAC @ ATL,L
ATL vs. SAC,W
SEA @ POR,W
POR vs. SEA,L
ORL @ MIA,W
MIA vs. ORL,L
DET vs. DAL,L
DAL @ DET,W
LAC @ NJN,L
NJN vs. LAC,W
NYK vs. TOR,W
TOR @ NYK,L
MIN @ LAL,L
LAL vs. MIN,W
HOU @ PHI,W
PHI vs. HOU,L
SEA vs. GSW,L
GSW @ SEA,W
CHI @ MEM,L
MEM vs. CHI,W
NOK @ WAS,L
WAS vs. NOK,W
PHX @ DEN,L
DEN vs. PHX,W
MIL vs. CHA,W
CHA @ MIL,L
IND vs. ATL,W
ATL @ IND,L
UTA @ CLE,L
CLE vs. UTA,W
SAC @ ORL,W
ORL vs. SAC,L
BOS @ SAS,W
SAS vs. BOS,L
CHA vs. LAC,L
LAC @ CHA,W
TOR vs. HOU,L
HOU @ TOR,W
BOS @ DAL,L
DAL vs. BOS,W
MIA vs. SAC,W
SAC @ MIA,L
PHX vs. DET,L
DET @ PHX,W
NYK vs. NOK,L
NOK @ NYK,W
POR @ LAL,L
LAL vs. POR,W
GSW vs. MIN,W
MIN @ GSW,L
UTA @ PHI,L
PHI vs. UTA,W
LAL @ DEN,L
DEN vs. LAL,W
MIL vs. SAS,W
SAS @ MIL,L
NJN vs. MIA,L
MIA @ NJN,W
CHA vs. SAC,W
SAC @ CHA,L
MEM vs. CLE,L
CLE @ MEM,W
TOR vs. NYK,W
NYK @ TOR,L
PHX @ DAL,W
DAL vs. PHX,L
WAS @ IND,W
IND vs. WAS,L
POR vs. DET,L
DET @ POR,W
LAC @ HOU,L
HOU vs. LAC,W
ORL vs. UTA,W
UTA @ ORL,L
ATL @ BOS,L
BOS vs. ATL,W
PHI vs. CHI,L
CHI @ PHI,W
SEA vs. DET,L
DET @ SEA,W
NJN @ NOK,W
NOK vs. NJN,L
IND @ MIN,L
MIN vs. IND,W
POR @ DEN,L
DEN vs. POR,W
PHI @ ATL,L
ATL vs. PHI,W
MIA vs. UTA,W
UTA @ MIA,L
SAC @ CLE,L
CLE vs. SAC,W
BOS @ CHI,L
CHI vs. BOS,W
LAC @ SAS,L
SAS vs. LAC,W
CHA vs. ORL,W
ORL @ CHA,L
NJN @ MEM,W
MEM vs. NJN,L
MIL vs. TOR,L
TOR @ MIL,W
PHX vs. HOU,W
HOU @ PHX,L
GSW vs. DAL,W
DAL @ GSW,L
SEA @ TOR,L
TOR vs. SEA,W
SAC vs. DEN,L
DEN @ SAC,W
GSW @ POR,L
POR vs. GSW,W
WAS @ MIA,L
MIA vs. WAS,W
ORL @ HOU,L
HOU vs. ORL,W
IND @ CLE,L
CLE vs. IND,W
DET @ LAC,W
LAC vs. DET,L
CHI @ BOS,W
BOS vs. CHI,L
LAL vs. DAL,L
DAL @ LAL,W
CHA vs. MEM,L
MEM @ CHA,W
NYK @ WAS,W
WAS vs. NYK,L
MIL vs. CLE,L
CLE @ MIL,W
ATL vs. MIN,W
MIN @ ATL,L
IND vs. PHI,L
PHI @ IND,W
UTA vs. NOK,W
NOK @ UTA,L
SAS vs. NJN,W
NJN @ SAS,L
DET @ DEN,W
DEN vs. DET,L
MEM @ ATL,L
ATL vs. MEM,W
MIN @ MIA,L
MIA vs. MIN,W
NJN @ HOU,L
HOU vs. NJN,W
BOS vs. SEA,W
SEA @ BOS,L
PHX vs. NOK,W
NOK @ PHX,L
GSW vs. LAC,W
LAC @ GSW,L
PHI vs. LAL,W
LAL @ PHI,L
SAS @ SAC,W
SAC vs. SAS,L
ORL vs. CHI,L
CHI @ ORL,W
MEM @ TOR,L
TOR vs. MEM,W
LAL @ MIL,L
MIL vs. LAL,W
ATL vs. WAS,W
WAS @ ATL,L
IND @ UTA,L
UTA vs. IND,W
CHI @ MIA,L
MIA vs. CHI,W
CLE @ DET,W
DET vs. CLE,L
HOU @ BOS,W
BOS vs. HOU,L
CHA @ PHX,L
PHX vs. CHA,W
GSW vs. DEN,W
DEN @ GSW,L
SEA @ PHI,L
PHI vs. SEA,W
WAS vs. TOR,W
TOR @ WAS,L
MIN vs. LAL,W
LAL @ MIN,L
DEN vs. NOK,W
NOK @ DEN,L
SAC vs. IND,W
IND @ SAC,L
NJN @ DAL,L
DAL vs. NJN,W
POR vs. SAS,L
SAS @ POR,W
NYK vs. SEA,L
SEA @ NYK,W
CHA @ UTA,L
UTA vs. CHA,W
MIA vs. ATL,W
ATL @ MIA,L
DET vs. GSW,L
GSW @ DET,W
CLE vs. HOU,W
HOU @ CLE,L
MIL @ ORL,L
ORL vs. MIL,W
SAS @ LAC,W
LAC vs. SAS,L
SEA vs. CHA,W
CHA @ SEA,L
WAS vs. GSW,W
GSW @ WAS,L
NOK vs. UTA,L
UTA @ NOK,W
MIL vs. CHI,L
CHI @ MIL,W
MIN @ BOS,L
BOS vs. MIN,W
PHX vs. LAL,W
LAL @ PHX,L
NJN @ PHI,L
PHI vs. NJN,W
DET @ MEM,W
MEM vs. DET,L
ORL @ DAL,L
DAL vs. ORL,W
ATL vs. NYK,L
NYK @ ATL,W
SAC @ POR,W
POR vs. SAC,L
SAS @ HOU,W
HOU vs. SAS,L
CLE vs. TOR,W
TOR @ CLE,L
IND @ LAC,L
LAC vs. IND,W
BOS @ NJN,W
NJN vs. BOS,L
MIL @ TOR,W
TOR vs. MIL,L
ATL @ WAS,L
WAS vs. ATL,W
UTA @ MIN,W
MIN vs. UTA,L
HOU @ DEN,W
DEN vs. HOU,L
DET @ MIA,L
MIA vs. DET,W
PHX vs. IND,W
IND @ PHX,L
NYK vs. GSW,W
GSW @ NYK,L
CHI vs. NOK,W
NOK @ CHI,L
SAC @ LAL,W
LAL vs. SAC,L
ORL @ SAS,L
SAS vs. ORL,W
MEM @ PHI,L
PHI vs. MEM,W
LAC @ SEA,L
SEA vs. LAC,W
DAL vs. CLE,W
CLE @ DAL,L
POR vs. CHA,W
CHA @ POR,L
UTA @ MEM,W
MEM vs. UTA,L
MIA @ WAS,W
WAS vs. MIA,L
NOK vs. ATL,W
ATL @ NOK,L
DEN vs. ORL,W
ORL @ DEN,L
CHA @ SAC,L
SAC vs. CHA,W
HOU vs. TOR,L
TOR @ HOU,W
LAC vs. SEA,W
SEA @ LAC,L
BOS vs. NYK,W
NYK @ BOS,L
CHI vs. GSW,W
GSW @ CHI,L
PHI vs. PHX,W
PHX @ PHI,L
MIN vs. DAL,L
DAL @ MIN,W
GSW @ MIL,L
MIL vs. GSW,W
PHX @ IND,W
IND vs. PHX,L
CLE vs. NOK,W
NOK @ CLE,L
NJN vs. WAS,W
WAS @ NJN,L
SEA vs. POR,W
POR @ SEA,L
DEN @ MEM,W
MEM vs. DEN,L
DAL vs. ATL,W
ATL @ DAL,L
LAL @ UTA,W
UTA vs. LAL,L
BOS @ HOU,W
HOU vs. BOS,L
LAC vs. CHA,W
CHA @ LAC,L
NYK vs. MIA,W
MIA @ NYK,L
CHI vs. ORL,L
ORL @ CHI,W
TOR @ SAS,L
SAS vs. TOR,W
PHI vs. SAC,W
SAC @ PHI,L
WAS @ MIN,L
MIN vs. WAS,W
PHX @ ATL,W
ATL vs. PHX,L
SAC @ IND,W
IND vs. SAC,L
CHI @ DET,L
DET vs. CHI,W
CLE @ MIA,L
MIA vs. CLE,W
HOU @ ORL,W
ORL vs. HOU,L
NJN vs. NYK,W
NYK @ NJN,L
LAL @ GSW,W
GSW vs. LAL,L
TOR @ CHA,W
CHA vs. TOR,L
PHI @ MIL,L
MIL vs. PHI,W
DEN @ DAL,L
DAL vs. DEN,W
UTA vs. BOS,W
BOS @ UTA,L
LAC vs. GSW,W
GSW @ LAC,L
SAS vs. SEA,W
SEA @ SAS,L
PHI @ CHA,L
CHA vs. PHI,W
IND @ TOR,L
TOR vs. IND,W
NOK vs. SEA,W
SEA @ NOK,L
MIN vs. PHX,L
PHX @ MIN,W
DEN vs. UTA,L
UTA @ DEN,W
ATL vs. HOU,W
HOU @ ATL,L
POR vs. MEM,L
MEM @ POR,W
DET @ ORL,W
ORL vs. DET,L
NJN vs. SAC,W
SAC @ NJN,L
NYK vs. MIL,W
MIL @ NYK,L
WAS @ CHI,L
CHI vs. WAS,W
LAL vs. BOS,W
BOS @ LAL,L
SAC @ WAS,L
WAS vs. SAC,W
DAL vs. MIA,W
MIA @ DAL,L
CLE vs. CHI,L
CHI @ CLE,W
CLE @ TOR,W
TOR vs. CLE,L
CHA @ MIN,W
MIN vs. CHA,L
SAS @ ATL,W
ATL vs. SAS,L
MIL @ IND,L
IND vs. MIL,W
ORL @ DET,L
DET vs. ORL,W
MIA @ HOU,L
HOU vs. MIA,W
NOK @ NJN,W
NJN vs. NOK,L
PHX vs. BOS,W
BOS @ PHX,L
POR @ LAL,W
LAL vs. POR,L
GSW vs. MEM,W
MEM @ GSW,L
NYK @ PHI,L
PHI vs. NYK,W
SEA vs. MEM,W
MEM @ SEA,L
NOK @ CHA,L
CHA vs. NOK,W
WAS vs. MIN,W
MIN @ WAS,L
BOS @ SAC,L
SAC vs. BOS,W
DET @ MIL,W
MIL vs. DET,L
UTA @ POR,L
POR vs. UTA,W
PHX @ LAC,W
LAC vs. PHX,L
NYK vs. ORL,W
ORL @ NYK,L
CHI vs. ATL,W
ATL @ CHI,L
DEN @ SAS,L
SAS vs. DEN,W
HOU vs. DAL,L
DAL @ HOU,W
CLE @ LAL,W
LAL vs. CLE,L
SEA vs. PHX,W
PHX @ SEA,L
CHI @ CHA,L
CHA vs. CHI,W
NJN @ TOR,L
TOR vs. NJN,W
NOK vs. SAC,W
SAC @ NOK,L
MIN vs. DEN,W
DEN @ MIN,L
MEM @ IND,L
IND vs. MEM,W
UTA vs. CLE,W
CLE @ UTA,L
SAS @ DET,W
DET vs. SAS,L
POR @ ORL,L
ORL vs. POR,W
LAC vs. ATL,L
ATL @ LAC,W
MIL @ BOS,L
BOS vs. MIL,W
NYK @ GSW,L
GSW vs. NYK,W
WAS @ PHI,W
PHI vs. WAS,L
NOK @ MEM,L
MEM vs. NOK,W
MIL vs. DAL,L
DAL @ MIL,W
POR @ MIA,L
MIA vs. POR,W
HOU vs. SAC,W
SAC @ HOU,L
SAS @ NJN,W
NJN vs. SAS,L
TOR @ CHI,W
CHI vs. TOR,L
LAL vs. NYK,L
NYK @ LAL,W
GSW @ DEN,L
DEN vs. GSW,W
ATL @ UTA,L
UTA vs. ATL,W
DET vs. LAC,W
LAC @ DET,L
POR @ WAS,W
WAS vs. POR,L
BOS @ MIN,L
MIN vs. BOS,W
SEA @ SAC,W
SAC vs. SEA,L
IND vs. LAC,W
LAC @ IND,L
SAS @ MIA,L
MIA vs. SAS,W
LAL @ CLE,L
CLE vs. LAL,W
CHI @ PHX,W
PHX vs. CHI,L
ATL @ GSW,W
GSW vs. ATL,L
PHI vs. DAL,L
DAL @ PHI,W
SEA vs. SAC,L
SAC @ SEA,W
NOK vs. MEM,W
MEM @ NOK,L
DEN @ MIL,W
MIL vs. DEN,L
UTA vs. NYK,W
NYK @ UTA,L
TOR @ DET,L
DET vs. TOR,W
HOU vs. CHA,W
CHA @ HOU,L
ORL @ NJN,L
NJN vs. ORL,W
CHA vs. POR,L
POR @ CHA,W
MIN @ MEM,L
MEM vs. MIN,W
TOR vs. LAL,W
LAL @ TOR,L
DAL vs. HOU,W
HOU @ DAL,L
IND vs. DEN,L
DEN @ IND,W
MIA @ CLE,L
CLE vs. MIA,W
ORL vs. SAS,W
SAS @ ORL,L
NJN @ BOS,W
BOS vs. NJN,L
ATL @ PHX,W
PHX vs. ATL,L
CHI @ GSW,L
GSW vs. CHI,W
PHI vs. LAC,L
LAC @ PHI,W
NOK vs. MIL,W
MIL @ NOK,L
SAC vs. CHI,W
CHI @ SAC,L
DET vs. LAL,W
LAL @ DET,L
SAS @ WAS,W
WAS vs. SAS,L
TOR vs. ORL,W
ORL @ TOR,L
GSW @ MIN,L
MIN vs. GSW,W
NOK @ DEN,W
DEN vs. NOK,L
DAL vs. MEM,W
MEM @ DAL,L
ATL vs. NJN,L
NJN @ ATL,W
SEA @ IND,W
IND vs. SEA,L
CLE vs. LAC,W
LAC @ CLE,L
BOS vs. MIA,L
MIA @ BOS,W
PHI vs. CHA,W
CHA @ PHI,L
HOU @ MEM,W
MEM vs. HOU,L
MIL vs. ORL,W
ORL @ MIL,L
POR vs. PHX,L
PHX @ POR,W
DET vs. BOS,W
BOS @ DET,L
LAC @ NYK,L
NYK vs. LAC,W
SEA @ WAS,L
WAS vs. SEA,W
DEN vs. PHX,L
PHX @ DEN,W
SAC vs. NOK,W
NOK @ SAC,L
ATL vs. LAL,L
LAL @ ATL,W
GSW @ IND,W
IND vs. GSW,L
CHI @ UTA,L
UTA vs. CHI,W
CHA @ MIA,L
MIA vs. CHA,W
HOU vs. MIN,W
MIN @ HOU,L
NJN @ PHI,L
PHI vs. NJN,W
TOR vs. LAC,W
LAC @ TOR,L
CLE vs. DET,L
DET @ CLE,W
NJN vs. ATL,L
ATL @ NJN,W
GSW @ CHA,L
CHA vs. GSW,W
MEM vs. IND,L
IND @ MEM,W
LAL @ WAS,W
WAS vs. LAL,L
SAC vs. DEN,W
DEN @ SAC,L
MIL vs. MIA,L
MIA @ MIL,W
MIN @ DAL,L
DAL vs. MIN,W
POR vs. CHI,L
CHI @ POR,W
NOK @ HOU,W
HOU vs. NOK,L
NYK @ ORL,W
ORL vs. NYK,L
UTA @ PHX,W
PHX vs. UTA,L
SEA vs. CHI,L
CHI @ SEA,W
MIN @ NOK,L
NOK vs. MIN,W
DEN vs. POR,W
POR @ DEN,L
ATL vs. TOR,L
TOR @ ATL,W
LAL @ IND,L
IND vs. LAL,W
DET vs. MIL,W
MIL @ DET,L
CHA @ CLE,L
CLE vs. CHA,W
NJN @ ORL,L
ORL vs. NJN,W
BOS vs. LAC,L
LAC @ BOS,W
PHI vs. GSW,L
GSW @ PHI,W
CLE @ MIA,L
MIA vs. CLE,W
SAS @ PHX,L
PHX vs. SAS,W
CHA vs. NYK,W
NYK @ CHA,L
MEM vs. DAL,L
DAL @ MEM,W
TOR vs. WAS,W
WAS @ TOR,L
NOK vs. PHI,L
PHI @ NOK,W
SAC @ MIN,W
MIN vs. SAC,L
GSW @ ATL,L
ATL vs. GSW,W
SAS @ UTA,L
UTA vs. SAS,W
POR vs. DEN,W
DEN @ POR,L
HOU vs. SEA,W
SEA @ HOU,L
ORL vs. MIL,W
MIL @ ORL,L
LAC vs. CHI,W
CHI @ LAC,L
BOS vs. LAL,L
LAL @ BOS,W
NJN vs. DET,L
DET @ NJN,W
WAS vs. DET,W
DET @ WAS,L
DAL vs. SEA,W
SEA @ DAL,L
BOS @ IND,L
IND vs. BOS,W
MIL @ MIA,L
MIA vs. MIL,W
GSW @ CLE,L
CLE vs. GSW,W
NYK vs. LAL,W
LAL @ NYK,L
MEM vs. SAC,W
SAC @ MEM,L
POR @ NOK,L
NOK vs. POR,W
PHX @ MIN,L
MIN vs. PHX,W
DEN vs. CHA,L
CHA @ DEN,W
ORL @ ATL,L
ATL vs. ORL,W
UTA vs. NJN,L
NJN @ UTA,W
HOU vs. PHI,W
PHI @ HOU,L
WAS @ BOS,W
BOS vs. WAS,L
SEA vs. LAC,L
LAC @ SEA,W
MIL vs. NYK,W
NYK @ MIL,L
IND @ DET,L
DET vs. IND,W
PHX @ CLE,W
CLE vs. PHX,L
LAL vs. SAS,L
SAS @ LAL,W
MEM vs. POR,L
POR @ MEM,W
NOK vs. UTA,W
UTA @ NOK,L
DEN vs. NJN,L
NJN @ DEN,W
SAC @ DAL,L
DAL vs. SAC,W
ATL vs. PHI,L
PHI @ ATL,W
TOR @ IND,L
IND vs. TOR,W
MIN @ LAC,W
LAC vs. MIN,L
CHI vs. MIA,W
MIA @ CHI,L
CHA @ GSW,L
GSW vs. CHA,W
MIN @ SEA,L
SEA vs. MIN,W
TOR vs. BOS,W
BOS @ TOR,L
NOK vs. SAC,W
SAC @ NOK,L
MIL vs. PHX,L
PHX @ MIL,W
UTA vs. DEN,W
DEN @ UTA,L
WAS @ DET,W
DET vs. WAS,L
HOU vs. POR,W
POR @ HOU,L
ATL @ ORL,W
ORL vs. ATL,L
MIA @ NYK,L
NYK vs. MIA,W
LAL vs. CHA,L
CHA @ LAL,W
SAS vs. MEM,W
MEM @ SAS,L
CLE @ PHI,W
PHI vs. CLE,L
NJN @ LAC,L
LAC vs. NJN,W
CHI vs. DAL,W
DAL @ CHI,L
DET @ CHA,W
CHA vs. DET,L
TOR vs. NOK,W
NOK @ TOR,L
MIL @ SAC,L
SAC vs. MIL,W
MIA @ IND,L
IND vs. MIA,W
MEM @ UTA,W
UTA vs. MEM,L
MIN @ POR,L
POR vs. MIN,W
PHI @ CLE,W
CLE vs. PHI,L
BOS vs. ATL,L
ATL @ BOS,W
NYK vs. PHX,L
PHX @ NYK,W
HOU @ SAS,W
SAS vs. HOU,L
NJN @ GSW,L
GSW vs. NJN,W
DEN @ SEA,W
SEA vs. DEN,L
WAS vs. PHX,L
PHX @ WAS,W
ORL vs. DAL,L
DAL @ ORL,W
MIL @ LAC,L
LAC vs. MIL,W
CHI vs. ATL,W
ATL @ CHI,L
PHI vs. NOK,W
NOK @ PHI,L
GSW @ LAL,L
LAL vs. GSW,W
TOR vs. CHA,W
CHA @ TOR,L
MEM @ DEN,L
DEN vs. MEM,W
SAC vs. NJN,W
NJN @ SAC,L
IND vs. CHI,W
CHI @ IND,L
UTA vs. MIN,W
MIN @ UTA,L
NYK @ MIA,L
MIA vs. NYK,W
CLE vs. ORL,L
ORL @ CLE,W
SAS @ BOS,W
BOS vs. SAS,L
MIL @ POR,L
POR vs. MIL,W
MIA vs. DAL,L
DAL @ MIA,W
MIN @ PHX,L
PHX vs. MIN,W
PHI vs. SAS,L
SAS @ PHI,W
ATL @ CHA,L
CHA vs. ATL,W
NOK vs. LAL,W
LAL @ NOK,L
WAS vs. BOS,W
BOS @ WAS,L
IND vs. NYK,L
NYK @ IND,W
SAC @ DET,L
DET vs. SAC,W
DEN @ HOU,W
HOU vs. DEN,L
MEM @ LAC,L
LAC vs. MEM,W
ORL @ NJN,L
NJN vs. ORL,W
CHI vs. UTA,L
UTA @ CHI,W
CLE @ GSW,W
GSW vs. CLE,L
SEA vs. MIL,W
MIL @ SEA,L
UTA @ TOR,W
TOR vs. UTA,L
DET @ MIN,W
MIN vs. DET,L
CLE @ DEN,L
DEN vs. CLE,W
CHA @ ATL,W
ATL vs. CHA,L
ORL vs. WAS,L
WAS @ ORL,W
BOS vs. SAC,L
SAC @ BOS,W
POR @ PHX,L
PHX vs. POR,W
NYK vs. NJN,L
NJN @ NYK,W
NOK @ SAS,L
SAS vs. NOK,W
MIA @ PHI,L
PHI vs. MIA,W
DAL vs. LAL,W
LAL @ DAL,L
MIA vs. IND,W
IND @ MIA,L
NJN @ CHA,W
CHA vs. NJN,L
MEM vs. PHI,W
PHI @ MEM,L
TOR vs. SAC,W
SAC @ TOR,L
NYK @ WAS,L
WAS vs. NYK,W
MIN vs. ATL,L
ATL @ MIN,W
MIL vs. CHI,L
CHI @ MIL,W
POR vs. CLE,W
CLE @ POR,L
UTA @ DET,W
DET vs. UTA,L
PHX @ HOU,W
HOU vs. PHX,L
LAC vs. GSW,W
GSW @ LAC,L
SAS vs. LAL,L
LAL @ SAS,W
CLE @ SEA,L
SEA vs. CLE,W
ORL @ NOK,L
NOK vs. ORL,W
DAL vs. HOU,W
HOU @ DAL,L
CHA vs. MIL,L
MIL @ CHA,W
PHX @ MEM,W
MEM vs. PHX,L
ATL vs. BOS,W
BOS @ ATL,L
MIN @ DET,W
DET vs. MIN,L
NJN vs. IND,W
IND @ NJN,L
SAC @ NYK,L
NYK vs. SAC,W
SAS @ CHI,L
CHI vs. SAS,W
LAL vs. MIA,W
MIA @ LAL,L
LAC @ GSW,L
GSW vs. LAC,W
TOR @ PHI,W
PHI vs. TOR,L
UTA @ WAS,L
WAS vs. UTA,W
DAL @ TOR,W
TOR vs. DAL,L
DEN @ POR,W
POR vs. DEN,L
PHI @ CHA,L
CHA vs. PHI,W
NJN @ MIN,L
MIN vs. NJN,W
HOU @ SAC,W
SAC vs. HOU,L
UTA vs. MIA,L
MIA @ UTA,W
DET vs. BOS,W
BOS @ DET,L
CLE @ LAC,W
LAC vs. CLE,L
PHX vs. ORL,W
ORL @ PHX,L
CHI vs. MEM,W
MEM @ CHI,L
SAS vs. WAS,W
WAS @ SAS,L
SEA vs. UTA,W
UTA @ SEA,L
MIN @ MEM,W
MEM vs. MIN,L
WAS @ NOK,L
NOK vs. WAS,W
DEN vs. HOU,L
HOU @ DEN,W
ATL vs. DET,W
DET @ ATL,L
DAL @ IND,W
IND vs. DAL,L
SAC @ POR,L
POR vs. SAC,W
TOR @ BOS,W
BOS vs. TOR,L
CHA @ NYK,W
NYK vs. CHA,L
LAL vs. ORL,W
ORL @ LAL,L
MIA @ GSW,W
GSW vs. MIA,L
PHI vs. MIL,W
MIL @ PHI,L
CLE @ PHX,L
PHX vs. CLE,W
NJN @ CHI,W
CHI vs. NJN,L
SEA vs. MIA,L
MIA @ SEA,W
WAS vs. CHI,W
CHI @ WAS,L
MIN vs. LAC,L
LAC @ MIN,W
SAS @ DEN,W
DEN vs. SAS,L
MIL vs. TOR,L
TOR @ MIL,W
POR @ DAL,L
DAL vs. POR,W
NOK @ ATL,W
ATL vs. NOK,L
LAL @ HOU,L
HOU vs. LAL,W
DET vs. CHA,L
CHA @ DET,W
IND @ BOS,W
BOS vs. IND,L
NYK vs. PHI,W
PHI @ NYK,L
GSW vs. ORL,L
ORL @ GSW,W
MEM vs. LAL,W
LAL @ MEM,L
SAC vs. CLE,L
CLE @ SAC,W
IND vs. ATL,W
ATL @ IND,L
DAL @ UTA,W
UTA vs. DAL,L
NJN vs. TOR,W
TOR @ NJN,L
PHX vs. SEA,W
SEA @ PHX,L
POR @ SAS,L
SAS vs. POR,W
PHI vs. DET,L
DET @ PHI,W
NOK vs. LAC,L
LAC @ NOK,W
DEN vs. MIL,W
MIL @ DEN,L
CHI vs. HOU,L
HOU @ CHI,W
MEM vs. SAS,L
SAS @ MEM,W
TOR vs. WAS,W
WAS @ TOR,L
MIN vs. HOU,W
HOU @ MIN,L
POR vs. MIA,L
MIA @ POR,W
BOS @ ORL,L
ORL vs. BOS,W
GSW @ PHX,L
PHX vs. GSW,W
DAL @ LAL,L
LAL vs. DAL,W
IND @ NOK,W
NOK vs. IND,L
DEN vs. UTA,L
UTA @ DEN,W
POR @ SAC,W
SAC vs. POR,L
LAC @ ATL,L
ATL vs. LAC,W
NJN @ CLE,L
CLE vs. NJN,W
CHI vs. DET,W
DET @ CHI,L
GSW vs. SEA,W
SEA @ GSW,L
DAL @ SAS,W
SAS vs. DAL,L
ATL @ TOR,L
TOR vs. ATL,W
NYK @ SEA,W
SEA vs. NYK,L
BOS @ MEM,W
MEM vs. BOS,L
WAS vs. LAC,W
LAC @ WAS,L
PHI @ MIN,L
MIN vs. PHI,W
MIL vs. CLE,L
CLE @ MIL,W
UTA @ HOU,L
HOU vs. UTA,W
ORL vs. CHA,W
CHA @ ORL,L
NJN vs. CHI,W
CHI @ NJN,L
MIA @ PHX,L
PHX vs. MIA,W
LAL vs. DEN,W
DEN @ LAL,L
DET @ NOK,W
NOK vs. DET,L
SAC vs. LAL,L
LAL @ SAC,W
IND @ DAL,L
DAL vs. IND,W
PHI @ UTA,L
UTA vs. PHI,W
MEM vs. GSW,W
GSW @ MEM,L
WAS vs. MIL,W
MIL @ WAS,L
PHX @ TOR,W
TOR vs. PHX,L
SAS @ MIN,L
MIN vs. SAS,W
POR vs. NYK,L
NYK @ POR,W
LAC @ MIA,W
MIA vs. LAC,L
SEA @ HOU,L
HOU vs. SEA,W
CLE @ BOS,W
BOS vs. CLE,L
NOK vs. GSW,L
GSW @ NOK,W
NYK @ SAC,L
SAC vs. NYK,W
PHI @ DEN,W
DEN vs. PHI,L
SEA @ DAL,L
DAL vs. SEA,W
CLE vs. SAS,W
SAS @ CLE,L
ORL vs. LAC,W
LAC @ ORL,L
CHI vs. PHX,L
PHX @ CHI,W
CHA vs. MIN,L
MIN @ CHA,W
POR vs. BOS,L
BOS @ POR,W
SEA vs. BOS,W
BOS @ SEA,L
DEN vs. DAL,L
DAL @ DEN,W
PHX @ DET,W
DET vs. PHX,L
HOU vs. MEM,W
MEM @ HOU,L
LAC vs. NYK,W
NYK @ LAC,L
PHI @ LAL,L
LAL vs. PHI,W
ATL @ SAS,L
SAS vs. ATL,W
WAS @ MIL,L
MIL vs. WAS,W
TOR @ MEM,L
MEM vs. TOR,W
SAC vs. GSW,W
GSW @ SAC,L
NOK @ DAL,L
DAL vs. NOK,W
IND vs. CHA,L
CHA @ IND,W
POR @ UTA,L
UTA vs. POR,W
ORL vs. MIA,W
MIA @ ORL,L
NJN vs. MIN,W
MIN @ NJN,L
CLE @ CHI,L
CHI vs. CLE,W
LAL @ CHA,L
CHA vs. LAL,W
TOR vs. CHI,L
CHI @ TOR,W
ORL @ WAS,L
WAS vs. ORL,W
MIN vs. SEA,W
SEA @ MIN,L
NOK vs. DEN,W
DEN @ NOK,L
POR vs. PHI,L
PHI @ POR,W
NJN @ MIA,W
MIA vs. NJN,L
IND @ DET,W
DET vs. IND,L
HOU vs. ATL,W
ATL @ HOU,L
MIL @ CLE,L
CLE vs. MIL,W
SAC @ LAC,L
LAC vs. SAC,W
PHX vs. NYK,W
NYK @ PHX,L
BOS @ GSW,L
GSW vs. BOS,W
SEA @ DEN,L
DEN vs. SEA,W
DAL vs. PHX,W
PHX @ DAL,L
UTA @ SAS,L
SAS vs. UTA,W
WAS @ CHA,W
CHA vs. WAS,L
MIL @ MEM,W
MEM vs. MIL,L
MIN @ TOR,L
TOR vs. MIN,W
PHI @ SAC,L
SAC vs. PHI,W
CLE @ ATL,W
ATL vs. CLE,L
POR vs. NOK,W
NOK @ POR,L
LAL @ ORL,W
ORL vs. LAL,L
LAC vs. BOS,W
BOS @ LAC,L
NJN vs. HOU,L
HOU @ NJN,W
DET @ NYK,L
NYK vs. DET,W
MIA @ CHI,L
CHI vs. MIA,W
SEA vs. NOK,W
NOK @ SEA,L
WAS vs. MEM,W
MEM @ WAS,L
MIN vs. CHI,W
CHI @ MIN,L
DEN vs. BOS,W
BOS @ DEN,L
DAL vs. CHA,W
CHA @ DAL,L
IND vs. HOU,W
HOU @ IND,L
UTA vs. LAC,W
LAC @ UTA,L
DET vs. NJN,W
NJN @ DET,L
PHX vs. POR,W
POR @ PHX,L
SAS vs. MIL,L
MIL @ SAS,W
PHI @ GSW,L
GSW vs. PHI,W
LAL @ MIA,L
MIA vs. LAL,W
NOK vs. SAS,L
SAS @ NOK,W
SEA vs. TOR,W
TOR @ SEA,L
MEM vs. UTA,L
UTA @ MEM,W
MIL vs. NJN,W
NJN @ MIL,L
IND vs. MIN,L
MIN @ IND,W
GSW @ MIA,L
MIA vs. GSW,W
ATL @ DET,L
DET vs. ATL,W
LAC @ HOU,W
HOU vs. LAC,L
ORL @ CLE,L
CLE vs. ORL,W
CHI vs. CHA,W
CHA @ CHI,L
PHI vs. NYK,W
NYK @ PHI,L
BOS vs. PHI,L
PHI @ BOS,W
MEM @ NOK,L
NOK vs. MEM,W
UTA @ CHA,L
CHA vs. UTA,W
MIN vs. MIL,L
MIL @ MIN,W
SAC @ DEN,W
DEN vs. SAC,L
DAL vs. LAC,W
LAC @ DAL,L
IND @ ATL,W
ATL vs. IND,L
TOR @ POR,W
POR vs. TOR,L
GSW @ ORL,W
ORL vs. GSW,L
LAL @ NJN,W
NJN vs. LAL,L
PHX vs. WAS,L
WAS @ PHX,W
NYK vs. CHI,W
CHI @ NYK,L
SAS vs. HOU,L
HOU @ SAS,W
SAC vs. WAS,L
WAS @ SAC,W
DET @ CLE,W
CLE vs. DET,L
SEA vs. DAL,L
DAL @ SEA,W
LAL @ MIN,W
MIN vs. LAL,L
MIL vs. MIA,W
MIA @ MIL,L
UTA @ ATL,W
ATL vs. UTA,L
POR vs. HOU,W
HOU @ POR,L
ORL vs. NOK,W
NOK @ ORL,L
LAC vs. TOR,L
TOR @ LAC,W
BOS vs. GSW,L
GSW @ BOS,W
CLE @ NJN,L
NJN vs. CLE,W
CHA @ NYK,L
NYK vs. CHA,W
MEM @ SAS,L
SAS vs. MEM,W
PHI vs. IND,L
IND @ PHI,W
TOR @ PHX,L
PHX vs. TOR,W
CHI vs. LAL,W
LAL @ CHI,L
SEA @ MEM,L
MEM vs. SEA,W
DEN vs. WAS,W
WAS @ DEN,L
SAC vs. DAL,L
DAL @ SAC,W
MIA vs. NOK,W
NOK @ MIA,L
NJN vs. GSW,W
GSW @ NJN,L
NYK vs. UTA,W
UTA @ NYK,L
GSW @ TOR,L
TOR vs. GSW,W
IND vs. UTA,L
UTA @ IND,W
SEA @ DET,L
DET vs. SEA,W
HOU @ LAC,W
LAC vs. HOU,L
LAL vs. WAS,L
WAS @ LAL,W
DAL @ NOK,W
NOK vs. DAL,L
CHA vs. BOS,L
BOS @ CHA,W
SAC vs. PHX,L
PHX @ SAC,W
MIL vs. MIN,W
MIN @ MIL,L
ATL vs. CHI,L
CHI @ ATL,W
MEM @ MIA,L
MIA vs. MEM,W
ORL vs. CLE,W
CLE @ ORL,L
DET @ NJN,W
NJN vs. DET,L
NYK vs. DEN,L
DEN @ NYK,W
PHI @ SAS,L
SAS vs. PHI,W
ATL @ MEM,W
MEM vs. ATL,L
TOR vs. NJN,W
NJN @ TOR,L
WAS vs. MIA,W
MIA @ WAS,L
PHI @ DAL,L
DAL vs. PHI,W
NYK @ IND,L
IND vs. NYK,W
UTA vs. SAC,L
SAC @ UTA,W
LAC @ POR,L
POR vs. LAC,W
CLE vs. SEA,W
SEA @ CLE,L
BOS vs. DEN,W
DEN @ BOS,L
PHX vs. GSW,W
GSW @ PHX,L
CHI vs. MIL,W
MIL @ CHI,L
LAL vs. HOU,W
HOU @ LAL,L
ORL @ CHA,L
CHA vs. ORL,W
SAS @ NOK,W
NOK vs. SAS,L
GSW vs. HOU,W
HOU @ GSW,L
MEM vs. POR,L
POR @ MEM,W
DEN @ WAS,L
WAS vs. DEN,W
LAL @ DAL,L
DAL vs. LAL,W
IND vs. DET,W
DET @ IND,L
PHX @ MIA,W
MIA vs. PHX,L
CLE vs. CHA,W
CHA @ CLE,L
TOR @ ORL,W
ORL vs. TOR,L
LAC vs. UTA,L
UTA @ LAC,W
NJN vs. MIL,W
MIL @ NJN,L
NYK vs. ATL,W
ATL @ NYK,L
CHI vs. SEA,W
SEA @ CHI,L
SAS vs. MIN,W
MIN @ SAS,L
PHI vs. BOS,L
BOS @ PHI,W
SEA @ MIL,L
MIL vs. SEA,W
ATL vs. DEN,L
DEN @ ATL,W
HOU vs. LAL,L
LAL @ HOU,W
GSW vs. SAC,W
SAC @ GSW,L
PHI vs. POR,L
POR @ PHI,W
UTA vs. DAL,W
DAL @ UTA,L
NOK vs. CLE,W
CLE @ NOK,L
TOR @ MIA,L
MIA vs. TOR,W
ORL vs. PHX,L
PHX @ ORL,W
SAS @ LAC,W
LAC vs. SAS,L
MEM @ NJN,L
NJN vs. MEM,W
BOS @ NYK,W
NYK vs. BOS,L
IND @ CHI,L
CHI vs. IND,W
GSW @ SEA,L
SEA vs. GSW,W
PHX @ CHA,W
CHA vs. PHX,L
TOR vs. POR,L
POR @ TOR,W
ATL @ SAC,L
SAC vs. ATL,W
SAS @ LAL,L
LAL vs. SAS,W
LAC @ MEM,W
MEM vs. LAC,L
HOU @ WAS,W
WAS vs. HOU,L
DAL vs. DEN,W
DEN @ DAL,L
CLE vs. IND,W
IND @ CLE,L
ORL vs. PHI,W
PHI @ ORL,L
BOS @ NJN,W
NJN vs. BOS,L
NYK vs. MIL,W
MIL @ NYK,L
MIN @ CHI,W
CHI vs. MIN,L
NOK @ GSW,L
GSW vs. NOK,W
NOK @ SEA,L
SEA vs. NOK,W
CHA vs. HOU,L
HOU @ CHA,W
MIN vs. UTA,W
UTA @ MIN,L
DEN vs. MIA,W
MIA @ DEN,L
MEM @ MIL,L
MIL vs. MEM,W
POR @ IND,L
IND vs. POR,W
DET @ ORL,W
ORL vs. DET,L
BOS vs. PHX,L
PHX @ BOS,W
TOR @ CHI,L
CHI vs. TOR,W
ATL @ LAL,L
LAL vs. ATL,W
SAS vs. LAC,W
LAC @ SAS,L
PHI vs. WAS,L
WAS @ PHI,W
MIA @ SAC,W
SAC vs. MIA,L
DAL vs. DET,L
DET @ DAL,W
NJN vs. PHX,L
PHX @ NJN,W
SAS @ CHA,W
CHA vs. SAS,L
MIN vs. HOU,W
HOU @ MIN,L
DEN vs. ATL,L
ATL @ DEN,W
POR @ MIL,L
MIL vs. POR,W
IND vs. ORL,W
ORL @ IND,L
CLE vs. TOR,W
TOR @ CLE,L
BOS vs. MEM,L
MEM @ BOS,W
NYK vs. WAS,L
WAS @ NYK,W
CHI vs. PHI,W
PHI @ CHI,L
NOK @ LAL,W
LAL vs. NOK,L
ATL @ SEA,L
SEA vs. ATL,W
POR @ DET,W
DET vs. POR,L
HOU vs. GSW,W
GSW @ HOU,L
LAC vs. MIA,W
MIA @ LAC,L
NJN vs. DAL,L
DAL @ NJN,W
PHX vs. SAC,W
SAC @ PHX,L
WAS vs. DAL,W
DAL @ WAS,L
ORL @ SAC,W
SAC vs. ORL,L
UTA vs. MIL,W
MIL @ UTA,L
MEM @ NYK,L
NYK vs. MEM,W
CHI vs. BOS,W
BOS @ CHI,L
LAL vs. IND,W
IND @ LAL,L
SAS vs. GSW,W
GSW @ SAS,L
CHA vs. DET,W
DET @ CHA,L
ATL @ POR,W
POR vs. ATL,L
LAC vs. ORL,W
ORL @ LAC,L
PHI vs. MIN,L
MIN @ PHI,W
NYK vs. TOR,L
TOR @ NYK,W
PHI @ NJN,L
NJN vs. PHI,W
MEM vs. MIA,L
MIA @ MEM,W
DEN vs. IND,W
IND @ DEN,L
UTA vs. SEA,W
SEA @ UTA,L
HOU vs. CLE,W
CLE @ HOU,L
LAL @ LAC,W
LAC vs. LAL,L
WAS @ CHI,L
CHI vs. WAS,W
SAC @ SAS,L
SAS vs. SAC,W
GSW vs. MIL,L
MIL @ GSW,W
IND @ SEA,L
SEA vs. IND,W
TOR vs. BOS,W
BOS @ TOR,L
CHA @ WAS,L
WAS vs. CHA,W
CHI @ NOK,W
NOK vs. CHI,L
DEN @ MIN,W
MIN vs. DEN,L
DAL vs. SAC,W
SAC @ DAL,L
ATL vs. CLE,L
CLE @ ATL,W
ORL @ POR,W
POR vs. ORL,L
DET vs. NYK,W
NYK @ DET,L
PHX vs. MIL,W
MIL @ PHX,L
MIA vs. DET,L
DET @ MIA,W
UTA @ LAL,L
LAL vs. UTA,W
ORL @ SEA,W
SEA vs. ORL,L
TOR @ DAL,L
DAL vs. TOR,W
ATL vs. CHA,W
CHA @ ATL,L
SAS @ UTA,L
UTA vs. SAS,W
CLE vs. NYK,L
NYK @ CLE,W
MEM @ LAC,L
LAC vs. MEM,W
NJN @ BOS,W
BOS vs. NJN,L
PHX vs. HOU,W
HOU @ PHX,L
IND @ GSW,W
GSW vs. IND,L
ATL @ WAS,L
WAS vs. ATL,W
TOR @ NOK,W
NOK vs. TOR,L
DEN vs. MEM,L
MEM @ DEN,W
SAC vs. LAC,W
LAC @ SAC,L
IND @ POR,W
POR vs. IND,L
HOU vs. MIN,W
MIN @ HOU,L
NJN vs. CHA,L
CHA @ NJN,W
CHI vs. NYK,W
NYK @ CHI,L
LAL vs. MIL,L
MIL @ LAL,W
ORL @ UTA,W
UTA vs. ORL,L
DAL vs. MIN,W
MIN @ DAL,L
PHI @ MIA,L
MIA vs. PHI,W
GSW vs. SAS,W
SAS @ GSW,L
SEA vs. SAS,L
SAS @ SEA,W
TOR vs. IND,W
IND @ TOR,L
LAC @ DEN,L
DEN vs. LAC,W
PHX @ POR,W
POR vs. PHX,L
NJN @ LAL,L
LAL vs. NJN,W
BOS @ MIL,W
MIL vs. BOS,L
CHA vs. MIA,L
MIA @ CHA,W
DET @ WAS,W
WAS vs. DET,L
MIN vs. LAC,W
LAC @ MIN,L
SAC vs. POR,W
POR @ SAC,L
DAL vs. NOK,W
NOK @ DAL,L
MEM @ HOU,L
HOU vs. MEM,W
CLE vs. PHI,W
PHI @ CLE,L
ATL @ ORL,L
ORL vs. ATL,W
NYK vs. CHI,L
CHI @ NYK,W
GSW vs. UTA,W
UTA @ GSW,L
SEA vs. SAC,L
SAC @ SEA,W
WAS @ MEM,L
MEM vs. WAS,W
NOK vs. MIN,L
MIN @ NOK,W
DEN vs. GSW,W
GSW @ DEN,L
ATL vs. TOR,W
TOR @ ATL,L
CLE @ IND,L
IND vs. CLE,W
UTA vs. LAL,W
LAL @ UTA,L
MIA vs. ORL,L
ORL @ MIA,W
CHA @ DET,L
DET vs. CHA,W
NYK @ BOS,W
BOS vs. NYK,L
PHX vs. NJN,W
NJN @ PHX,L
DAL @ SAS,W
SAS vs. DAL,L
CHI @ PHI,L
PHI vs. CHI,W
CHA vs. BOS,W
BOS @ CHA,L
TOR vs. CLE,W
CLE @ TOR,L
NYK @ MIN,L
MIN vs. NYK,W
UTA @ SAC,W
SAC vs. UTA,L
PHI @ MIL,L
MIL vs. PHI,W
NJN @ POR,L
POR vs. NJN,W
WAS @ HOU,L
HOU vs. WAS,W
DET vs. ATL,W
ATL @ DET,L
IND @ ORL,L
ORL vs. IND,W
LAC vs. SEA,L
SEA @ LAC,W
NOK @ PHX,L
PHX vs. NOK,W
MIA @ SAS,L
SAS vs. MIA,W
GSW vs. DEN,L
DEN @ GSW,W
NOK vs. MIA,W
MIA @ NOK,L
DEN vs. CHI,W
CHI @ DEN,L
WAS @ DAL,L
DAL vs. WAS,W
IND vs. MIL,W
MIL @ IND,L
CLE vs. MEM,W
MEM @ CLE,L
LAL vs. LAC,W
LAC @ LAL,L
DET @ PHI,W
PHI vs. DET,L
SEA vs. NJN,W
NJN @ SEA,L
DAL @ CHA,W
CHA vs. DAL,L
MEM vs. ORL,W
ORL @ MEM,L
POR vs. SAS,L
SAS @ POR,W
TOR @ UTA,L
UTA vs. TOR,W
HOU @ NYK,W
NYK vs. HOU,L
PHX @ GSW,W
GSW vs. PHX,L
SAC vs. SAS,L
SAS @ SAC,W
CHI @ LAL,L
LAL vs. CHI,W
CLE @ WAS,L
WAS vs. CLE,W
NOK @ MIN,W
MIN vs. NOK,L
TOR @ DEN,L
DEN vs. TOR,W
MIL vs. IND,L
IND @ MIL,W
MEM @ DAL,L
DAL vs. MEM,W
MIA @ ATL,W
ATL vs. MIA,L
UTA vs. PHX,W
PHX @ UTA,L
HOU @ DET,L
DET vs. HOU,W
CHA @ ORL,L
ORL vs. CHA,W
LAC vs. PHI,W
PHI @ LAC,L
NJN vs. POR,L
POR @ NJN,W
NYK vs. BOS,L
BOS @ NYK,W
GSW vs. SEA,W
SEA @ GSW,L
UTA @ SEA,W
SEA vs. UTA,L
DAL @ MEM,W
MEM vs. DAL,L
NJN @ IND,W
IND vs. NJN,L
DET vs. WAS,W
WAS @ DET,L
MIA vs. NYK,L
NYK @ MIA,W
CLE vs. MIN,W
MIN @ CLE,L
BOS vs. POR,W
POR @ BOS,L
PHI @ PHX,L
PHX vs. PHI,W
LAL vs. TOR,W
TOR @ LAL,L
SAS vs. CHI,W
CHI @ SAS,L
SAC @ GSW,L
GSW vs. SAC,W
HOU vs. CHI,W
CHI @ HOU,L
SEA vs. PHI,L
PHI @ SEA,W
SAC vs. MEM,W
MEM @ SAC,L
DET vs. NOK,L
NOK @ DET,W
CLE vs. POR,W
POR @ CLE,L
DEN @ ORL,L
ORL vs. DEN,W
IND @ BOS,L
BOS vs. IND,W
MIL @ NJN,L
NJN vs. MIL,W
NYK vs. WAS,W
WAS @ NYK,L
CHA @ SAS,W
SAS vs. CHA,L
CHA @ NOK,L
NOK vs. CHA,W
MIN vs. POR,W
POR @ MIN,L
CHI @ DAL,L
DAL vs. CHI,W
ATL vs. MIL,L
MIL @ ATL,W
LAC @ UTA,L
UTA vs. LAC,W
DEN @ MIA,W
MIA vs. DEN,L
SAS @ HOU,W
HOU vs. SAS,L
TOR @ GSW,L
GSW vs. TOR,W
BOS vs. ORL,L
ORL @ BOS,W
SEA @ NJN,W
NJN vs. SEA,L
NYK vs. CLE,L
CLE @ NYK,W
CHA vs. DEN,L
DEN @ CHA,W
WAS vs. NJN,L
NJN @ WAS,W
SAC vs. TOR,W
TOR @ SAC,L
DAL @ POR,W
POR vs. DAL,L
HOU @ MIA,W
MIA vs. HOU,L
LAC vs. NOK,W
NOK @ LAC,L
LAL vs. MEM,W
MEM @ LAL,L
MIN vs. ORL,L
ORL @ MIN,W
UTA @ MIL,W
MIL vs. UTA,L
ATL vs. SEA,L
SEA @ ATL,W
CLE vs. BOS,W
BOS @ CLE,L
MEM @ PHX,L
PHX vs. MEM,W
IND @ CHI,L
CHI vs. IND,W
SAS vs. NYK,W
NYK @ SAS,L
DET @ GSW,L
GSW vs. DET,W
NOK @ POR,L
POR vs. NOK,W
CHA vs. SEA,L
SEA @ CHA,W
TOR vs. ATL,L
ATL @ TOR,W
MIL @ WAS,L
WAS vs. MIL,W
IND vs. ORL,W
ORL @ IND,L
HOU vs. NYK,W
NYK @ HOU,L
UTA @ BOS,W
BOS vs. UTA,L
MIA @ NJN,W
NJN vs. MIA,L
DET @ LAL,W
LAL vs. DET,L
DEN @ PHI,W
PHI vs. DEN,L
CLE vs. CHI,W
CHI @ CLE,L
PHX vs. DAL,L
DAL @ PHX,W
GSW vs. NOK,W
NOK @ GSW,L
TOR vs. PHI,W
PHI @ TOR,L
WAS vs. IND,W
IND @ WAS,L
DEN vs. NYK,L
NYK @ DEN,W
SAC vs. DET,W
DET @ SAC,L
HOU @ MIL,W
MIL vs. HOU,L
LAL @ POR,L
POR vs. LAL,W
ORL vs. SEA,W
SEA @ ORL,L
DAL @ LAC,L
LAC vs. DAL,W
BOS vs. CHA,W
CHA @ BOS,L
NJN vs. UTA,W
UTA @ NJN,L
SAS vs. PHX,W
PHX @ SAS,L
ATL @ CLE,W
CLE vs. ATL,L
IND vs. PHI,W
PHI @ IND,L
SEA @ MIA,L
MIA vs. SEA,W
MEM vs. HOU,L
HOU @ MEM,W
NOK vs. GSW,W
GSW @ NOK,L
MIN @ LAL,L
LAL vs. MIN,W
CHI vs. MIL,W
MIL @ CHI,L
MIN @ SAC,L
SAC vs. MIN,W
ORL vs. WAS,W
WAS @ ORL,L
GSW @ DAL,W
DAL vs. GSW,L
LAC vs. POR,W
POR @ LAC,L
SAS @ NYK,W
NYK vs. SAS,L
UTA vs. DET,W
DET @ UTA,L
SEA vs. LAL,W
LAL @ SEA,L
TOR vs. SAS,L
SAS @ TOR,W
HOU @ NOK,L
NOK vs. HOU,W
ATL vs. ORL,W
ORL @ ATL,L
PHI vs. MIA,W
MIA @ PHI,L
CLE @ CHA,L
CHA vs. CLE,W
WAS vs. BOS,W
BOS @ WAS,L
SAC @ MIL,L
MIL vs. SAC,W
GSW @ UTA,L
UTA vs. GSW,W
POR vs. MIN,W
MIN @ POR,L
MEM @ DET,L
DET vs. MEM,W
HOU vs. DAL,W
DAL @ HOU,L
LAC vs. PHX,W
PHX @ LAC,L
NYK vs. IND,L
IND @ NYK,W
MEM vs. CHA,W
CHA @ MEM,L
TOR vs. MIL,W
MIL @ TOR,L
DEN vs. MIN,L
MIN @ DEN,W
ATL vs. NYK,W
NYK @ ATL,L
NOK @ IND,W
IND vs. NOK,L
MIA vs. NJN,W
NJN @ MIA,L
ORL vs. PHI,L
PHI @ ORL,W
BOS vs. DET,L
DET @ BOS,W
PHX vs. UTA,L
UTA @ PHX,W
SAC @ CHI,W
CHI vs. SAC,L
SEA @ LAL,L
LAL vs. SEA,W
SAS vs. CLE,L
CLE @ SAS,W
GSW vs. POR,W
POR @ GSW,L
LAC vs. DEN,W
DEN @ LAC,L
SAS @ DAL,W
DAL vs. SAS,L
UTA vs. HOU,W
HOU @ UTA,L
NJN vs. TOR,W
TOR @ NJN,L
LAL @ GSW,W
GSW vs. LAL,L
NYK @ MEM,W
MEM vs. NYK,L
ORL vs. CHI,W
CHI @ ORL,L
SEA vs. POR,L
POR @ SEA,W
DET vs. MIL,L
MIL @ DET,W
ATL @ PHI,L
PHI vs. ATL,W
SAC @ MIN,L
MIN vs. SAC,W
NOK @ BOS,W
BOS vs. NOK,L
LAC @ PHX,L
PHX vs. LAC,W
WAS @ CLE,L
CLE vs. WAS,W
IND @ CHA,W
CHA vs. IND,L
MIA vs. CHI,L
CHI @ MIA,W
LAL vs. PHX,W
